6.157792142658438,-0.13616342702203804
5.850047815835689,0.28190204802342334
5.9414319686361425,0.18463335584574486
6.035342338517373,0.31659796107885996
6.295461076332304,0.11731889308139201
6.46041151654588,0.39813856113834034
6.082259284521611,0.16011351809140714
5.960612954160728,0.5113583084323232
6.064624700293458,0.4574840495730793
6.113468652930531,0.5685478155780254
5.927607095753024,0.36303358076442693
6.239891631819219,0.4588812289067546
5.999539432500708,0.736446809340691
6.033625825756642,0.55827883203443
6.052305688956373,0.8236236685030482
6.008625407008755,0.6026226375374009
6.063717099880063,0.988404576817829
5.837295509993418,0.7297153028052759
5.837665189457627,1.0507800362191169
5.7474344701563425,1.115042499362317
5.9689508556756135,0.9698621526138108
6.009955890287623,1.214774919636445
5.951393569087851,1.2195389242741936
6.1230370510191845,1.1525523028257063
5.859683532839289,1.1349014344295967
5.949019055344461,1.0444926195066238
5.67266362600211,1.4439273265680508
5.765591827326719,1.2092399983434565
5.914753580568163,1.5106256343939584
5.92408354908117,1.5090491153278471
5.738448797648347,1.7025546269525165
5.75716099969077,1.6073635452135244
5.525109500000848,1.6551064457680724
5.683659707667463,1.8660193453599405
5.854730201515957,1.858070262011484
5.790948531849382,1.9066612821474724
5.76280044072813,1.9809037038747974
5.677738564180134,1.7312986147989475
5.653444451170763,2.1261146518725194
5.534991259847833,2.155265504843692
5.720061620850358,1.961524355364271
5.659126223720724,2.127875092867789
5.650072591096062,2.208876021599607
5.477202174068049,2.2447030848742937
5.212493387551517,2.3648785622278066
5.679006616089663,2.579238980964431
5.421100140032856,2.5763417710479004
5.341556351038,2.2665910683954373
5.552598196600312,2.6058820201716295
5.366936609729696,2.7608555000449706
5.561451461516349,2.6682732010485055
5.471296633001578,2.822423898781744
5.457130035813111,3.008926873171235
5.12511629449761,2.9087328542804447
5.486784372028962,2.84043957575176
5.318733613266156,3.007446290899079
5.198279920320947,2.919824937222864
5.2488795138174895,2.9488511287826737
4.934212137280793,2.9394887920211197
5.234800113860004,3.2734057281831244
4.991532026834524,2.962575979820633
4.915055795657924,3.36139198857535
4.861206337957723,3.252459250096969
5.227654942316632,3.013269035732237
4.937143574369564,3.323736513188845
5.231965932027925,2.9987444465304987
4.891504943581592,3.452465415532145
4.685336985743734,3.5360425751744793
4.7431271246847615,3.3587473330369817
5.06474473847535,3.5101963952727586
4.824360097878021,3.828568440805002
4.733480746317499,3.5030769277928417
4.8073153726809625,3.463306901561432
4.825781255309945,3.8873031538455267
4.884939939108769,4.002055346533203
4.901039027680979,3.7505348108464966
4.595853347288955,3.9437092464956924
4.416589217296475,4.034913244611534
4.5187803283175665,3.7637106443616024
4.584774728415931,3.8433648278127825
4.365733022620771,4.141551977377346
4.330922963986324,4.250112410115561
4.489899954642562,4.1219079590485705
4.394510452741146,3.9452920819533643
4.369847709229568,4.414781425877621
4.213920023927436,4.076201070498141
4.255549708048246,4.144363735689907
4.11354270689118,4.284432884415204
4.3474307494999875,4.504311071978948
4.330570244848314,4.437042110605604
3.859398198850161,4.408585090460432
3.9576081160841285,4.452905910942795
3.8329317409594905,4.426642009716895
3.9199551510573625,4.540179752591502
3.9646651229735137,4.113007722794559
3.719133841660218,4.4835695019689155
3.7573824776030036,4.599510888594125
3.703833003181924,4.4255426980189165
3.8439695435519368,4.690652928610391
3.7814249721387756,4.636167980023819
3.6206009999198376,4.963916096110805
3.712920925336843,4.9699228890403475
3.5616332345275494,4.697090690095622
3.5598291895207987,4.77694119693446
3.8082457235966953,4.820691138024742
3.714659279545503,4.7958592511318425
3.2747304416766334,4.924292721570705
3.5499238480909763,4.812330819926419
3.5026922613527547,4.787115826495996
3.163988116525847,5.080348164628274
3.414018753463791,5.111200181003284
3.476599705543878,4.925546132702164
3.0319729915734737,5.209510671374718
3.016914759272148,5.009073313328979
3.2611192599033734,5.169973812516597
3.1028723145563495,5.282823836813876
3.098299311351649,5.182085461867871
3.019851752316704,5.282273282001021
2.9803126988244517,5.163110001630806
2.675445686177354,5.23719211986898
2.983989442122248,5.261444094171948
2.954576502593506,5.205568321191907
2.6967504161047957,5.315840131467916
2.6764372033514348,5.134431802621063
2.404874938341441,5.316984911084448
2.663048118107397,5.371423269719226
2.6228778256043075,5.398785542351367
2.4786942826649314,5.423605222395054
2.6074280605089153,5.472740133212564
2.3392179791974423,5.575651707851737
2.4243813526165274,5.656197790396805
2.1369121276460796,5.448392501874938
2.236314722985008,5.385764833279049
2.1634986792002078,5.4298749424823685
2.1730748509254503,5.532585160450574
2.0333031222300644,5.571907168059386
2.018295521126274,5.52776995371291
2.111042594599848,5.46696858767286
1.8705789740689132,5.610625944615656
1.6439082536063425,5.723455870112315
2.0959808803411044,5.802232538722188
1.9892613104528003,5.645637979887395
1.5365592993220476,5.683110842166668
1.7820701650676474,5.621399324413464
1.5512470512616154,5.770564984765934
1.614163810715601,5.662425383637737
1.5665942161661233,5.889598530512486
1.434995930148571,5.54921879627931
1.3001696268772431,5.7761523711011336
1.2616158163305657,5.8877885618713615
1.1751200623772462,5.88224984963578
1.1350210381236223,6.270207528559551
1.1968610643435946,5.929824946853059
1.046619449779609,5.7373729756443685
1.2032433909937055,5.8838106468645
1.2708854285930116,5.641364527036158
0.9075685401065876,5.904903998503956
0.9771846318536835,5.800748582037608
0.9628478823303149,6.071248401440913
0.9052446692731568,5.859260861157042
0.7923192166304428,5.931447601788726
0.8387466085594525,5.86041735519534
0.7460409713495395,6.222884681792604
0.43435905752020143,5.919693406095062
0.6966363836533201,6.248102642097297
0.645565268409116,6.10019710437962
0.344145870427806,6.054755200151068
0.41045944109612076,6.041641256469531
0.4533652960028771,6.0488018998675175
0.2655376247710032,5.703497090853662
0.4039260948742983,5.953245556853539
0.5435852632785663,6.123796068564576
0.017116170536801062,5.991146163419479
-0.1261438688881859,5.788674574945023
0.07257779260769853,5.992078559588814
0.08122937250195507,6.255555054613758
-0.11564277766159625,6.186486809295767
0.08297502406610616,5.98918013953569
-0.38979525904415013,6.139739764445641
-0.13904159425465545,5.940102012920945
-0.38781382082174204,5.737067239731495
-0.09295926115012282,5.851062406915647
-0.10589146280376205,6.220764599648133
-0.5736372742220945,5.941346228776365
-0.5949052132053922,5.941566743155628
-0.4373247909479596,5.928243356134185
-0.6780780183377239,6.2535003094487
-0.6805153111372773,6.205950816318914
-0.7235359827241333,6.28856806642322
-1.0688768998726785,5.925105707598005
-0.8365199905494005,5.986035575658436
-0.9913542818945003,5.706443477693771
-1.0152423801333432,6.147247154505463
-0.7780317257917726,5.74182702820828
-1.2362745394345116,5.94031781162052
-0.9789548031246165,5.7335349047829345
-1.1958278876959936,5.799651141159866
-1.2489018331253736,5.751765578510417
-1.1412385849504314,5.775071189861104
-1.2615411555140983,5.773806266715058
-1.2796050245950756,5.760382141753838
-1.2725067776352743,5.955096908736049
-1.5198533576735183,5.6513693511100485
-1.614296106990262,5.836710572578386
-1.7374133073996125,5.972383551612193
-1.7505048463411605,5.698301405645141
-1.2362498304845586,5.652716237128421
-1.5436967664773715,5.710481821711146
-1.9847043535804312,5.9062102191077495
-2.0319119882218275,5.742094263489856
-1.812614909459371,5.616559732904079
-1.854003890047951,5.751625566414989
-1.9048029435860174,5.4960422648348795
-2.0762597795100795,5.74547329020897
-2.1075503005555025,5.685986461887127
-2.0900967339954053,5.55949432795898
-2.176767866941634,5.460393734551749
-2.5727426015282737,5.4332428232449015
-2.3243317230361766,5.626079886354065
-2.467401428871535,5.709367304650285
-2.363047851008157,5.408139318084508
-1.990986206137829,5.550762768724304
-2.432900685393682,5.14677578648536
-2.584098662273045,5.349519845627094
-2.4476396794081343,5.409495753794041
-2.5621378806434176,5.254205460608488
-2.619944572255738,5.226248591232186
-2.640131438732651,5.24218932246495
-2.4706564690049095,5.361383982421898
-2.9965250514279176,5.264223656043043
-2.8033716939022977,4.930927422384448
-3.06066548018246,4.922469425318682
-2.885436472905293,5.123032368501274
-3.1533808467886355,5.25578033448146
-3.1247530399732653,4.747646508513222
-3.1527335270125363,5.0570395003881545
-3.0081676745225807,5.024872794226166
-3.0625865459187733,5.283458023491597
-3.4327675242489524,4.988440224894233
-3.2829619902505844,5.074219091081151
-3.4426645880511155,5.008130052056354
-3.569758514780317,4.637123154765544
-3.4580165429727563,5.041304212754318
-3.515940045484147,4.927348449784929
-3.1495826488251235,4.939848468506974
-3.4922839362478104,5.420718928831451
-3.8072200811828414,4.486949912744676
-3.7283513478412806,5.0256660229275125
-3.5331903002015244,4.690852802348065
-3.4155952169899377,4.743694077023933
-4.008920818419033,4.66001182637655
-4.094868101912953,4.569068980928949
-3.5737818326883803,4.51271987132603
-3.837219322966165,4.61273890869256
-4.066824534396452,4.300484566328634
-3.8969864555237024,4.605028609576969
-4.41282090207093,4.3940296646809385
-4.0569048032334285,4.25060440856432
-4.047861569186528,4.3159107027257075
-3.9976858572552016,4.53492764793553
-4.327367237483633,4.228645451070336
-4.201047913620766,4.324955051603174
-4.3909913724403635,4.12343876788444
-4.2518022518279635,4.308322680354167
-4.4619962724869,4.258672865988466
-4.426143285791863,4.394013584117166
-4.551180614695249,4.05092964315379
-4.34066133613653,4.137774050736103
-4.34572793372208,4.012070399240127
-4.545489947045974,4.151301567683589
-4.539996953184493,3.808335844976654
-4.79808881468109,3.986834076173952
-4.6604478674097995,3.804487262864399
-4.6573493367135805,3.7823615646181636
-4.290645179542544,3.7637433327365746
-4.884125170589526,3.7455033274175844
-4.53088725907195,3.647619287007841
-4.633783822783173,3.654350017095502
-4.773628380117567,3.815656642066461
-4.583951751939249,3.6832622785847415
-4.82355717458328,3.622037429753955
-4.852231911326871,3.3792697974812085
-4.949408777335309,3.2698717284918812
-4.788339830676644,3.501934296743152
-4.837436390468817,3.4451554415577115
-5.125384676547914,3.48948972060278
-5.258638765257958,3.1325678680571443
-5.120007311499755,3.1430473332318614
-5.237962123194102,2.8856142054948166
-5.1554664392541385,3.026469613802801
-4.987886471935283,3.1883793009452255
-5.269242670478561,2.9222266204939484
-5.233794750912889,3.041337641570052
-5.2449680809866175,2.869516296358659
-5.152281401250285,2.8992915740196006
-5.642026174318693,2.630889577933151
-5.4210146953924845,2.7679578398094824
-5.322902083491119,2.258415910681011
-5.198733897101045,2.63074241127955
-5.476246371035287,2.365680936387853
-5.707221411623847,2.7424146795966826
-5.355619642918293,2.629182624540399
-5.566277073968312,2.533424594705061
-5.67137575729767,2.6422276959708832
-5.608085517783592,2.2221964855660277
-5.563173629180582,2.57690404692986
-5.646819100148917,2.4047063371736104
-5.907104672462003,2.179288821660909
-5.461420352529247,2.334830185996359
-5.424006101628169,1.9480827977890007
-5.536311132067923,1.9397180615125011
-5.823037827940259,1.9213078913885169
-5.700496241195117,1.8822877770704107
-5.688678779805367,1.75202991898948
-5.61484862099911,2.0427003486343533
-5.620921653680277,1.7689833975933902
-5.847340157605229,1.809114484970229
-5.740491228540935,1.6189709087580846
-5.699308826777194,1.3795798750547266
-5.564170491475959,1.6411918143955009
-5.691042251495991,1.261728101427218
-5.6920644138269685,1.4860288975649414
-5.811082788508475,1.2387131582228421
-5.624849885642482,1.6895712193577164
-5.787243387611659,1.4755908815837173
-5.989686122189681,1.3020477057317508
-5.661357690498275,1.4229345829028177
-5.7780421482842135,1.0535251881542997
-5.959572017930078,1.2089928413742497
-5.974949616192466,1.1043494904360536
-5.867971273330982,1.0608008715154664
-5.851932733259393,1.1587880705832023
-5.900289648130775,1.0244676154375234
-5.891179723793188,0.9044869943415831
-5.690393809230129,0.5594601930721937
-5.791685578312972,0.6101357803962603
-5.93036902370318,0.6821246926287011
-5.8238322315068745,0.6608684327441803
-6.1254885139615025,0.4236111465471558
-5.916018182094581,0.9011242729449166
-5.708924386589489,0.7130192408683421
-6.017155737330232,0.5220258966629229
-6.115237536261648,0.38862671249940905
-6.089064158940143,0.29207225766553147
-6.157368688746435,0.1271720080750124
-6.113825239083864,0.2276161539370414
-6.053388522368124,0.20067375425666306
-6.2098627123057915,-0.07824954375563928
-5.99741415984041,0.10413592206389367
-5.864658423932003,-0.023288857323711578
3.7138288663183916,2.922090544226081
3.816932788905917,2.9486207283309387
3.8299446274201476,3.0632751632852804
4.121142275365778,3.0093857820122767
3.8674888925208517,2.907039241654403
3.529717987556668,2.969079021597432
3.7490018402619425,3.003037380109056
3.390083218352399,2.668782332806564
3.7306955094790117,3.0531740702396806
3.4437711696470106,2.833362155341935
3.4465818000809696,2.8027073791057413
3.6057277918830843,2.717508276365765
3.16006288810968,2.6959449439418135
3.089901239564991,2.75564723692609
3.1583173763599204,2.846063907503631
3.3480635191464607,3.2383762860455727
2.910919643760645,2.8589940734253405
2.6605828602628625,2.9565460039156615
2.9643911256714617,2.9814826605254803
3.061563260671222,2.932117383034474
3.105661337082578,2.89140915197368
2.8030548611134543,2.713821350220919
2.757813424158441,3.10036677140695
2.939706528883746,3.1429426825627362
2.4333541080046595,2.6081241315452437
2.602835410465038,2.6951035183726275
2.637083764015662,2.7944472060664562
2.623422394144991,2.678976113461351
2.427204991543606,2.8863177499516763
2.456599804015692,2.687477402108707
2.0260676863512654,3.1073022499689658
2.248592368012919,2.9464831766210207
2.3635026931630345,2.784676666597802
2.096417155145102,2.8912620272864142
2.201036075589573,2.8870577906415855
2.2077929865503494,2.6200756562246603
2.038104054467817,2.565267995839654
2.063935132369472,2.681993970548437
1.8429937653328372,2.781630396051228
1.905613122303942,2.654898490566862
1.9775056007876384,2.378687885491328
1.8590587802263465,2.4755566154696895
1.6972481948216573,2.565173834357985
1.7687548581090657,2.544757559819311
1.792391901352966,2.8313761520506766
1.3279748445236248,2.3065355179667586
1.7597843478464092,2.568764144709497
1.4861378417876914,2.694339681893711
1.551251968360313,2.7892938216266323
1.618071536432125,2.3650788922399713
1.183997022470305,2.476175421817385
1.2348070146320187,2.4642097941448697
1.249631389302523,2.3839168970660327
1.1272605494669399,2.315182870991794
1.4571971999700213,2.3703890826460094
1.0208011661396155,1.8997091207981245
1.0185762208186402,2.3559819147172725
1.0853926824505165,2.246297929265447
0.8274766437104066,2.167276187698802
0.9017541688782539,2.4805315214958386
0.9622777094755949,2.0446976502432532
0.8185341094689925,2.0574949401747005
0.8085123396290954,2.3882932112211166
0.6974352211802164,1.935942490340665
0.504240334382754,1.949015790983002
0.7344905590226437,1.979852962025822
0.9046007477395962,2.097985335358869
0.5995023918913842,1.9726110554856726
0.5861888912023423,1.71671198860422
0.612244172388107,1.799547711005231
0.2741555997755367,1.756641659586689
0.6764382652873084,1.8041406840076317
0.4082062798434984,1.84718918759752
0.5797248913872296,1.81324470826801
0.18237778271781757,1.450928353616139
0.5227288283143561,1.8433552913311684
0.32428353292077944,1.6877039710568127
0.24926415559595277,1.823176177347868
0.16002038891061401,1.6474298515796595
0.046560004170869994,1.7109310960888624
0.2231589483669448,1.5802786582698813
0.023693712167922452,1.6764294646509932
-0.3325362855604913,1.5166693678127456
-0.24484220423472378,1.3871210185102776
-0.14459912195161784,1.7057933679848614
-0.10934685769510288,1.4610498924744293
-0.20312267620060853,1.3761714783297738
-0.050236590772710005,1.060732016050676
-0.5638522884775249,1.02065484521174
-0.28740752364699534,1.2191901669610292
-0.6190521492142191,1.1581545578511103
-0.26945578710245305,1.0049163603617433
-0.4342836165866737,1.078558534164813
-0.39351732961010677,1.2557527804249375
-0.622024178537169,1.0814911896246133
-0.33614088108072165,0.765429348152087
-0.4070538987477791,0.87893512550036
-0.5106631651100597,0.7336816368662644
-0.6521320179681737,0.7547244566808111
-0.5798600703774685,0.7089809717388909
-0.8066286265615846,0.657214795529824
-0.6056365814050128,0.49812748871992374
-0.5195393913147569,0.6244870449879112
-0.6389752696725866,0.5164863105426103
-0.9412236433371121,0.11781060655157555
-0.8093955749648204,0.8215359254521999
-1.0890102055302828,0.6329830753482737
-0.8402145835832052,0.36901887667035216
-0.8891176148072429,0.38380563564010783
-1.2674139319730582,0.16047945774110664
-1.1910383199568657,0.5455605385721922
-1.0886643311627267,0.5305032219979622
-1.1203363188314526,0.22385877174711438
-1.2852315130165988,0.30806977905208927
-1.073652217408072,0.13476305671693758
-1.1220511935809305,-0.13836079789888825
-1.2162677163702067,-0.04619563527882872
-1.327430870203606,-0.01144743512757752
-1.0832683792514566,-0.14647384712628644
-1.0183510404199498,-0.15838148619123846
-1.3648572313809795,-0.18681814749733613
-1.4093801107461659,-0.23299377095047913
-1.2686751061234829,-0.26100219871037755
-1.420428954412673,-0.476132014135975
-1.4115675532552474,-0.4730113586443894
-1.303206620965975,-0.6067777351502718
-1.7236159183517674,-0.31625845819988346
-1.26208449054777,-0.8278241060612205
-1.4711026845421806,-0.3881863919741213
-1.5654594518231542,-0.4027180265661401
-1.5384053524101433,-0.7056366243149051
-1.5514928826491003,-1.1006087847241985
-1.8259251571041593,-0.8143490386789514
-1.3619408702008495,-0.8199758063076907
-1.5994667537892198,-1.0123110703700273
-1.5582450461647563,-0.9885505975161673
-1.5005368980564222,-0.7324543096934727
-1.8145604559443882,-0.9131254067711169
-1.6080232838814994,-1.2025910075020692
-1.7363880407300374,-1.3547450567221686
-1.5859625025643789,-1.2155093029311725
-2.048335550906367,-1.2499753182533369
-1.7599246605243737,-1.1951714183076119
-1.8508271691081555,-1.4016835126042804
-1.7104414177270275,-1.2965817968514037
-1.7191830506611294,-1.1350861655750228
-1.9097732427496095,-1.3552142498192612
-1.923924849695833,-1.5370561759035974
-1.8466966272526026,-1.6097380939427923
-1.9771187950898812,-1.688303995948977
-1.7283771178695855,-1.5103550134327455
-1.921633559029593,-1.8343026475345061
-2.313403176066119,-1.7862787857990041
-1.9442044736639408,-1.838336866571615
-2.0539118570544566,-1.9743320477849169
-2.152492849375267,-2.158071326889991
-2.102607956631856,-1.9569772981452542
-1.9092957198127765,-2.067876639004929
-1.7346437358696538,-2.0370688137996393
-1.8947142312666245,-2.245595717330609
-2.0399379973903735,-2.0359508787350125
-1.8873654021303954,-2.404171821376282
-2.0309205255474536,-2.069490328949875
-2.072069876387221,-2.6421370556049437
-2.146373485810365,-2.368521516321538
-2.2408486610746383,-2.4162137548019027
-2.040933747034677,-2.6606947741365388
-1.9626232608838838,-2.531572143541867
-2.0042258556373134,-2.457206252454759
-2.055043016947607,-3.0355881281952017
-2.13693997508067,-2.681608891166981
-1.9057854441341826,-3.1849862339638477
-2.1960505289325827,-3.009835645096431
-1.8830488648890376,-2.674612223679976
-2.1502717800144433,-3.0602623017418407
-2.1128045127783897,-3.2030869979283123
-2.2194708305579103,-3.1107034809325826
-2.0736910629734404,-2.8248281247075155
-1.850725504115231,-3.4637567261665665
-1.9177338527095595,-3.4006758744553
-1.8458846609512978,-3.072319945230965
-1.9114109232449896,-3.0722105955505588
-2.151881758651459,-3.4202834494225223
-2.0320635746998947,-3.6444966914335883
-2.0951042094294996,-3.1980951175477315
-1.7736328499695613,-3.32709661523255
-2.147398117976696,-3.5181663727049615
-1.8280023256062383,-3.7955639807880526
-1.8218079508896854,-3.7346986469311982
-1.6745194589005996,-3.8049799385997534
-2.003144891240796,-3.784816632942928
-1.827091536169865,-3.670244900065174
-1.5834592151068956,-3.809361400602767
-2.009640212438524,-4.156182937859809
-2.1380575141859803,-3.8413240377896916
-2.1801317890140255,-4.053965760134841
-1.7810743608414703,-4.050923578767386
-2.1598274743766597,-3.986956678959209
-1.9221003369031655,-4.42653140678522
-1.7890776941315605,-4.3179226865054
-1.814846130468112,-4.444915156881887
-1.7662800923413775,-4.6529133905200215
-1.7837552916992985,-4.418150603555282
-1.6117994865292964,-4.145727114076434
-1.9325371358771792,-4.850652390091804
-1.8768301310909314,-4.631535358501736
-1.8763029875311847,-4.582532554019651
-1.6205317437087918,-4.711936973339462
-1.5941916495943833,-4.799012406526589
-1.6452943209490767,-5.028425749227165
-1.51871782706173,-4.8499768072761205
-1.8557501988432399,-5.049608206207036
-1.4113024705776727,-5.3156237746304065
-1.414783570385689,-4.858827577399966
-1.5143520661450005,-4.944974288578761
-1.3383957623141545,-5.131529516091646
-1.8346750854705,-5.155290614654777
-1.6449121820268173,-5.078699843708809
-1.656152805004471,-5.256210829933186
-1.4167983307133254,-5.204087830518289
-1.66125659107915,-5.43395189397551
-1.3683804907909598,-5.241977495742247
-1.2542494176761634,-5.439905076324925
-1.3329320702130736,-5.507961417806303
-1.3715919401754513,-5.776419068011527
-1.5388389742908755,-5.591497685579543
-1.4937521923694295,-5.807751983447682
-1.1549134201407825,-5.826901436694276
-1.2006527225871422,-5.901444347976759
-1.2981759367106316,-5.986827025913914
-1.3293485392480777,-5.555700794971472
-1.5444456291806485,-5.722007451386969
-1.3746900079825164,-5.680708244534991
-0.9004144835024694,-6.199012122999056
-1.3518405705723775,-6.051459955445869
-1.1035770536277367,-6.302496183657464
-0.9526933767244992,-6.258894414003846
-1.2634457569606734,-6.338073760022621
-1.018486925434001,-6.0599723168157595
-0.8760834127434137,-6.350636558615825
-0.9850665827571469,-6.175970709784637
-0.5264476683866094,-6.290364644740739
-1.1763630190912877,-6.079918172593382
-0.7362296944839039,-6.691584260686732
-0.8895284331652554,-6.324705135808932
-0.7159952496405002,-6.385261779491805
-0.7333707809145784,-6.74658428177376
-0.8769349550298454,-6.492565246744665
-0.6996204713892185,-6.635976050061999
-0.9792799590732245,-6.762983071913438
-0.5763515380860273,-6.894613644629139
-0.5879806610400778,-6.920745861859474
-0.5023957852653793,-6.5469547946262585
-0.404594849593536,-6.895559026728178
-0.47291764479792947,-6.819261124385278
-0.47022832147896343,-7.0958157256922005
-0.5886190759129202,-7.134436683151643
-0.5269479239677327,-6.895113407835511
-0.20540243839847955,-7.29947117684572
-0.13090495455024825,-7.198608443371667
-0.3446622795695775,-7.1701787329789175
-0.26428659678374006,-7.197195097555262
-0.3687743654908262,-7.2790416712838475
-0.01872087607550746,-7.230736848014723
-0.056034181616168466,-7.223765960759775
0.17446035634685753,-7.2547325280989305
-0.20901269655563334,-7.549678876776888
-0.09417701487514929,-7.480955037099398
0.03735662006954992,-7.295281171939038
0.14005263025472864,-7.376099783416281
0.05148915124989166,-7.751661570150656
-0.006027442810415007,-7.528078117433227
0.2985192720566333,-7.912230157615003
0.3161805131973983,-7.642778408848262
0.11257842484612188,-7.3990990906851435
0.49564915221224165,-7.859514024313748
0.5104761629033556,-7.8756623017085525
0.3980014349672435,-7.668708171567114
0.43300074592426946,-8.047144068072532
0.5476638399249245,-7.942658079051275
0.3790802985821381,-7.789906824837044
0.5569039954898205,-8.005748667830469
0.2738846155824906,-7.97683617746432
0.7728291338179485,-7.860247306492182
0.4520275939554781,-7.9386748630099655
0.956923855024217,-7.991510323979172
0.7273170239525031,-8.111620027958649
0.7907703211744097,-8.03405104860006
0.7743030842136915,-8.136516240549419
0.8714538891997563,-8.077266911572968
1.1738859774138972,-8.2480419959056
0.6346277741415594,-8.228032768372474
1.2462791356232996,-8.375864912598955
1.1526117599069274,-8.258922632708813
0.9682637330350535,-8.401196163125404
1.0356598546371152,-8.472099741745302
1.4962825317168353,-8.291210478999382
1.1510876616924726,-8.32268367095439
1.1682205884067605,-8.261314680322789
1.5603452584095874,-8.467129839345622
1.4892674293282266,-8.364530578692051
1.3467396418938171,-8.365956723972163
1.5690697989005438,-8.40425664446973
1.4320603355569816,-8.616773810854436
1.8005892460736372,-8.49202918698593
1.8444060774884434,-8.480873781124005
1.8149233272887384,-8.555030630431995
1.839477044443301,-8.889241412652806
2.0996910548111885,-8.571906838466294
1.8859261244574848,-8.28335770191039
1.759323695445225,-8.688045321082395
2.0548247370503714,-8.761596542054834
2.351272624150551,-8.614270227146278
1.9372725106186013,-8.640843850950963
2.0865426964258442,-8.525757504620934
2.25465534806635,-8.90985295037432
2.235675532932442,-8.627507049902205
2.148130849223266,-8.66422725281525
2.515608308297566,-8.789222868010562
2.747322897665801,-8.73174074210972
2.480853371113402,-8.642299610229946
2.368065752061838,-8.679575609929028
2.3236955071942145,-8.99510967950894
2.647216577710082,-8.713395029409686
2.8266951282399293,-8.858411097760463
2.7850905249332807,-8.849591820961319
2.7662608426075566,-8.8608836373668
2.731136667457446,-8.905264087484808
2.7087045205185527,-8.714359290194746
3.0508347735704877,-8.91558336505996
3.1158678838924243,-9.080389524359571
2.8002054864292054,-8.980439930944991
3.3238820467065486,-8.903079280453884
3.22493223821627,-8.753493807165064
3.4022458882654303,-8.854923212674262
3.044538113039053,-9.079997342960262
3.0945953440196243,-8.5861858748911
3.3307920269322224,-8.9253125219753
3.482275958786034,-8.779301317732518
3.730081351830891,-8.998464404623187
3.620351704491963,-8.900316452343638
3.5318896598741416,-8.858528577343616
3.4682234355432655,-8.805363240205647
3.8605964827571655,-8.83264557984445
3.585334409059042,-8.86309418313413
4.028276207056633,-9.043373962543825
3.7953314293237703,-9.083574213873028
4.13057276832607,-8.949136532880365
4.047830234031732,-8.85978769908169
3.9794506765836304,-9.033408105116491
0.27820635885726386,0.5201211254426356
0.7431400945834152,1.3231537030968807
-2.0995851028881036,0.9461283638529556
-2.004304844555536,1.2190012367190561
-1.1684500706864038,0.19586175945492057
-0.6308647981729643,2.4060614976593913
-1.6294804165204613,-0.4114080038657366
0.6226432146405732,1.5850723565040623
-0.4911197661778586,2.4182693115519536
-0.9526635421111126,1.5770897112986746
-2.723091428642233,0.756970927522204
-2.5789789797130087,0.36604354400442507
-0.6627888996618325,2.243305181255507
-3.5591147513858035,-0.7075699103140076
0.2151648915728861,-0.1641491124555723
-1.1897846132467844,0.5229306814099344
2.8917115635136796,2.485184509014398
1.7694995007393328,1.4557211632490752
-1.2177388830970202,-0.1616549102122944
-1.127604403037578,0.6276307535381156
0.19469781680243559,0.26281222708444674
1.0438071319016453,0.14825320931975794
-2.96563486892322,2.174667470268135
-3.143650558425624,-0.6460917551162066
-1.7464417666652576,2.930537026881248
-0.3007149001913628,1.9938756282215473
-0.4037516913908835,2.3090340047244373
0.28372574598062017,0.44447258556969005
-2.4396370340383697,0.8200711371050687
-3.779372635562652,-0.7197821774296542
0.029617034362574346,0.37040511151983646
-1.9938355275582813,1.592385817171781
-3.4221854372663656,2.5552756741376754
-0.8259235048487421,-0.328588180162942
-0.048189174137587276,0.5613928756176809
-1.1464685585455328,0.8184409357209732
-1.5494180634189871,-0.674947042630982
-1.1912346785750878,1.7096190901100803
-1.4446993148809395,0.13121160190886916
-2.6176565343282006,0.7655315785875713
-1.8576168123885182,0.45766075370574677
-0.3744641139834226,0.052793793136390876
-0.6139857503481999,0.9915460174233344
-0.7983282328398157,0.7412685057183732
-2.194178178224055,0.5537705412656013
-1.2178037945628006,0.12584605398358872
-3.6124780557314256,1.3834296049395465
-0.7858280033375323,2.984340722190742
0.7146292493762807,1.167864679406953
-2.7689585584505267,2.1953418578933546
-1.7031132079813065,-0.668266310184155
-0.6050718655478445,1.1893137271525234
0.5034111613129804,-0.31684198276527975
-1.5378695395601794,-0.7723099130382816
-1.8307003951190755,0.11275431104915645
-3.3627077708993,2.4302792012962877
-0.8758742448302723,2.140018994403575
1.4504912481724928,1.2916056664652795
-0.6671698456423889,-0.8392406718679168
-1.026734775020456,0.7644632183344758
-0.6135012270796174,1.3620400106820827
-1.0133104047383226,1.2106434754943174
-1.9756172467121558,-1.212552300176895
-0.012064101186753717,-0.0683814176238462
-0.7290861722658948,0.9231066830215401
-0.9788640976796112,1.6435490914206279
-2.1704392327338997,-1.6353533853199358
0.5642095183217108,0.8054512294241699
-0.20235670560026808,1.1716585238547428
-1.6635050048407622,2.0195343862194557
0.20218982441832467,1.831429101084924
-1.5970850060622486,1.6990855825705662
-1.9384041910132443,0.04007139195767906
-1.9116437409763445,-1.2896025645479692
-3.125282263705709,0.5283366915263188
-0.43414914349815314,2.201958190250272
-3.19737385400602,2.6721454330293177
-2.4741325975189152,1.8526589227573425
-3.49070561089424,1.5152089873620813
-1.1032836313490717,1.4555675780631585
-1.1803845523262464,0.3326575038870634
-1.392035455823637,0.843927647735656
-2.251093233604691,3.0028834309915973
-2.406680504123968,-0.1310696069502515
-0.442756163744111,2.9377345488518216
-1.6606623180501852,0.61356621460953
-0.6203700141566264,2.5905185309140943
-2.062298423349067,-0.6881780113970459
-0.7827247086747012,1.7030850413975789
0.5639336447792764,0.11587583686285363
-0.29660103952866,-0.698320630309025
-1.4948965818597764,1.2622408508931349
-0.6913612355728871,2.2113661463151626
-1.2887982094362556,-0.013929726312195578
-0.9905437783663262,-0.7988191525500814
-1.3907332625782043,0.8897862827980538
-1.1972022470624695,0.8950776054673827
-0.7454879763109897,1.6579835530653986
-2.1920304394983408,2.139513485637386
-2.219054592387974,0.928701782473007
-2.6662510645974535,3.2266039777531157
-2.920325325404452,1.2690816934423501
-2.4607392306645752,0.5842881927917205
-0.808644991835045,-0.9338808309233935
-2.071345018590261,0.6848085756205987
-0.3836626429226845,0.5963356655066365
-0.9583435014969257,2.1523657555377644
-3.3622050561256644,1.5549803488802247
-0.21402929893397227,-0.4152429459591407
-0.027041625289948135,1.206705263693245
-2.192635209801824,1.805837406074864
-0.4957701485260101,2.8336376312653995
-2.0277978848910387,2.065004760896871
-0.8827955479019975,1.9130159851737734
-2.517398088345959,1.0721031935381964
-3.151727743041492,1.4659744065081395
-1.4593806275355625,2.4994058808473905
-1.1484747355298033,-0.5993328769755797
-1.4772156323375247,0.580672807339653
-2.4208366698670716,0.0729175014925112
6.6834168512701755,1.9760849799573954
2.7516228099528135,-5.899392447922812
-0.9145606350060422,-3.044932622316974
0.5218418687503856,-4.771280827960689
7.381853077639246,6.541223963469797
-1.8799210509219417,4.166401076599723
7.6536943266190836,2.8223739025600967
-6.413580242419553,-3.184538885894053
5.982371869755353,-5.055283647196584
7.255857394985254,4.103217407822589
-4.727282248927903,-0.4134728659347253
-0.2537624173003916,-4.387367165589934
-5.021004056054199,1.8659516506444014
4.718874321895919,-7.354658365784768
1.6362598251098213,-2.781275933947944
3.435820240749779,-0.5030880865418457
-4.463234594788199,-5.6326666542495065
-4.188574483056449,7.754471641453433
-7.253048140821686,-4.654442166566172
-2.202784366476865,-5.914349919307751
2.0754039040061496,-4.743442017809658
7.442828451951918,4.304978130555588
4.0046940542562535,-1.191909451650515
-0.16286617880447452,1.0466550360406082
9.15616205909448,-7.663853488218228
4.946413610364974,-7.449099062826967
8.742973651525901,-0.8667912027677414
1.4965835188989818,5.066483891225976
-3.339723053723487,6.163822059321044
-7.049119645435004,-6.6126949184697565
5.069527326709309,0.6138096336163645
-5.8165460359003855,6.611674980468328
-2.5500476911045906,-1.7924359296338181
1.584476341910154,5.2730533028538975
2.159498580035459,-5.860869529609021
2.810497545768449,6.966311834684779
-5.007404053705389,4.022773080500842
-1.1647267132103227,7.061350284590427
3.1094960881054003,2.8258757368401035
9.456739563408124,-2.185537088009168
5.097360478594396,7.010898760395559
8.60686762769124,-3.5909315790531444
5.7198170496551874,-2.6852396470122795
2.650905440063209,3.212934688027845
-4.543579355545798,4.24506079240618
4.000341734065234,6.870455741586461
3.2208321872783277,-4.723161455100648
2.8444450682307956,4.7679685635075835
0.8161456237883336,3.816736854351415
1.5158188718069603,-6.979287099942434
-1.980034511874127,-1.8044297406366887
1.3476284675614565,-3.4757526870384226
-4.443993697787391,-3.1281532103355136
6.493139152486782,7.727150072875213
-4.6560148154232595,2.2844386156788463
-6.470606781989605,3.4828185246959933
-0.14757152557116715,7.625882197040147
3.8495339111091127,-1.964771480677781
-0.1210971511962553,4.829442695244895
-3.0184256248764454,-1.0475045871280741
2.0470813100279326,5.912538749039676
-1.753957962580401,-5.109479339019149
8.791618422279395,7.162978833028474
8.607612512864296,-4.499652665425925
1.0426927594977187,-2.7804718883050956
-2.0980881076713462,4.099075745708488
5.268383451219503,-1.6999177349534929
-7.339167017304801,1.7313820282631465
0.5458421087857221,-0.886823982889144
-1.9461789031339967,3.8779189934365093
8.569645931845983,-4.346699962102226
-7.783945509091714,-7.064672204209968
1.9506677629302835,-3.20112964043094
5.331944459199267,-0.4110613621051158
0.7303237754327423,-5.311679164917143
-6.46274545707101,-2.323243365497781
9.50430502050224,-1.6002717073029036
1.3241877647697624,-7.081730500987623
3.0553523977422046,1.3329159709472727
-3.741023911264868,6.1494948475406
0.7029655319224695,-5.572113392751161
-0.2753091447502065,1.5649282144242243
-6.6518748439642925,2.63582727857354
-6.08911363614559,-1.2906451132913865
7.074505353137942,3.2175613978283195
-3.6832408602813755,-1.4282953041438073
-4.4907511130246505,0.07419660763895841
1.0884061225025068,-7.882351287129168
5.837448364525233,3.067521826155021
-6.884962665578217,2.581482863115591
2.382542553488605,-7.385585962778487
-5.8542120288696795,-2.1079982816778706
-7.343701085138868,7.664509452666678
-7.050608861080087,-1.2682149989021312
7.014953947751945,0.031126482109467446
-5.876495294694892,6.558882530555497
-7.187275440578745,3.4761900138521025
-0.11780203142757895,1.313122097987577
7.191882494956445,4.76487490145716
-3.2766492231925657,5.829860263295572
-0.409172884533505,-0.6897908522037302
-7.281394413852478,-0.39826616109063373
0.08341325442776615,-1.8231850295706273
2.3970354514684065,7.467298240295369
2.2763269675386066,3.1546600686456063
-2.016319540861427,-6.668430940670843
-2.320402748063561,5.807353973008295
-6.080774859141238,-0.3110409466197108
-1.397630228367169,-6.899937497240201
-6.2090959602866365,0.7954760826129768
5.798727004816929,-1.3253715363887668
9.392937359467346,6.043990477801998
9.461340220000725,-4.736086342249802
7.571279788757089,5.223433751874927
2.814258688113144,0.9230190589672436
4.6155825503898384,-7.126235148584495
-2.866295551752547,7.549524821207754
3.353867563107171,0.2018439056511987
0.20169188991779485,-3.34597033229468
0.6763121159847856,-0.48949052817187066
5.639978086752842,5.725724536279824
-2.92546959924947,-3.121550009838984
-2.2752869894986425,-4.917177656212795
8.643552240315458,-5.934860049105897
-6.987962692682499,-3.23424962575662
0.7414173714401269,4.4807693926406955
8.430414407341512,-0.453978156875813
2.9865341407268264,-4.36029434090336
1.835327335818377,-5.341040006244013
-3.5046047738716064,-2.6763283758339345
-1.8210411968399312,7.038789966171342
7.3368714844844725,-2.51157259855961
2.065926371832246,7.809985215274166
1.265359487622037,-0.23631270775430124
-6.207565156279479,-5.133377307357586
-7.711493183807784,6.25824146869615
9.346333396366884,-0.6343140298427699
-1.2142489888368502,3.354741496072391
2.857835117791078,7.739385331346428
-6.56512868262887,-7.197194394880416
4.296057143014838,-6.452887043398926
8.786200756707295,3.527307863404099
2.3619745539535533,-3.490799947272448
-5.72992419724261,-5.051177648798415
2.4709874945225803,-7.370209922884328
5.794249835883743,-7.650452608220771
-0.6845023416676641,4.391769649916654
7.837079462946422,-5.8490651620872
3.676293160432561,-0.5164701444615858
8.186480529205646,1.6943490428717283
